,name,position,date,link
ԿԿՀ_01,ՀԱՅԿՈՒՀԻ ՀԱՅԿԻ ՀԱՐՈՒԹՅՈՒՆՅԱՆ,Կոռուպցիայի կանխարգելման հանձնաժողովի նախագահ,2019-11-26 / -,http://cpcarmenia.am//hy/declarations-registry/user_id=19912/
ԿԿՀ_02,ԼԻԼԻԹ ԿԱՐԵՆԻ ԱԼԵՔՍԱՆՅԱՆ,Կոռուպցիայի կանխարգելման հանձնաժողովի անդամ,2019-11-19 / -,http://cpcarmenia.am//hy/declarations-registry/user_id=19913/
ԿԿՀ_03,ՆԱՐԵԿ ԳԱԳԻԿԻ ՀԱՄԲԱՐՁՈՒՄՅԱՆ,Կոռուպցիայի կանխարգելման հանձնաժողովի անդամ,2019-11-19 / -,http://cpcarmenia.am//hy/declarations-registry/user_id=5424/
ԿԿՀ_04,ՄԱՐԻԱՄ ԿԱՐԵՆԻ ԳԱԼՍՏՅԱՆ,Կոռուպցիայի կանխարգելման հանձնաժողովի անդամ,2021-09-14 / -,http://cpcarmenia.am//hy/declarations-registry/user_id=34790/
ԿԿՀ_05,ՆԱՐԻՆԵ ՆՎԵՐԻ ՄԿՐՏՉՅԱՆ,Կոռուպցիայի կանխարգելման հանձնաժողովի գլխավոր քարտուղար,2022-09-29 / -,http://cpcarmenia.am//hy/declarations-registry/user_id=42584/
ԿԿՀ_06,ԱՐԵՎԻԿ ՇԻՐԱԿԻ ԹՈՐՈՍՅԱՆ,Կոռուպցիայի կանխարգելման հանձնաժողովի անդամի օգնական,2022-08-12 / -,http://cpcarmenia.am//hy/declarations-registry/user_id=42571/
ԿԿՀ_07,ՆԱԻՐԻ ՀԱՄԼԵՏԻ ՄԻՐԶՈՅԱՆ,Կոռուպցիայի կանխարգելման հանձնաժողովի անդամի օգնական,2020-12-01 / -,http://cpcarmenia.am//hy/declarations-registry/user_id=27848/
ԿԿՀ_08,ԾՈՎԻՆԱՐ ՀԵՆՐԻԿԻ ՄԱՐԳԱՐՅԱՆ,Կոռուպցիայի կանխարգելման հանձնաժողովի նախագահի օգնական,2021-04-12 / -,http://cpcarmenia.am//hy/declarations-registry/user_id=31224/
ԿԿՀ_09,ԱՆՆԱ ՀԱՅԿԻ ՄԱՐՏԻՐՈՍՅԱՆ,Կոռուպցիայի կանխարգելման հանձնաժողովի նախագահի օգնական,2022-11-30 / -,http://cpcarmenia.am//hy/declarations-registry/user_id=43916/
ՀԿ_01,ԱՐԱՄ ՅՈՒՐԱՅԻ ՍԱՐԳՍՅԱՆ,ՀՀ ՀԱԿԱԿՈՌՈՒՊՑԻՈՆ ԿՈՄԻՏԵԻ ՆԱԽԱԳԱՀԻ ԽՈՐՀՐԴԱԿԱՆ,2022-03-10 / -,http://cpcarmenia.am//hy/declarations-registry/user_id=38063/
ՀԿ_02,ԱՆԻ ՎԱՐԴԱՆԻ ՄԽԻԿՅԱՆ,ՀՀ ՀԱԿԱԿՈՌՈՒՊՑԻՈՆ ԿՈՄԻՏԵԻ ՆԱԽԱԳԱՀԻ ՕԳՆԱԿԱՆ,2021-10-25 / -,http://cpcarmenia.am//hy/declarations-registry/user_id=20429/
ՀԿ_03,ԱՇՈՏ ԱՐՄԵՆԻ ՕՀԱՆՅԱՆ,ՀՀ ՀԱԿԱԿՈՌՈՒՊՑԻՈՆ ԿՈՄԻՏԵԻ ՔՆՆՉԱԿԱՆ ԵՐԿՐՈՐԴ ՎԱՐՉՈՒԹՅԱՆ ՊԵՏ,2022-10-10 / -,http://cpcarmenia.am//hy/declarations-registry/user_id=3492/
ՀԿ_04,ԱՐՇԱԼՈՒՅՍ ԿԱՌԼԵՆԻ ՄԻՆԱՍՅԱՆ,ՀՀ ՀԱԿԱԿՈՌՈՒՊՑԻՈՆ ԿՈՄԻՏԵԻ ՔՆՆՉԱԿԱՆ ԵՐՐՈՐԴ ՎԱՐՉՈՒԹՅԱՆ ՊԵՏ,2022-10-10 / -,http://cpcarmenia.am//hy/declarations-registry/user_id=3491/
ՀԿ_05,ԱՐԹՈՒՐ ՄՈՒՐԱԴԻ ՍԱՐԳՍՅԱՆ,ՀՀ ՀԱԿԱԿՈՌՈՒՊՑԻՈՆ ԿՈՄԻՏԵԻ ՔՆՆՉԱԿԱՆ ԵՐՐՈՐԴ ՎԱՐՉՈՒԹՅԱՆ ՊԵՏԻ ՏԵՂԱԿԱԼ,2022-10-10 / -,http://cpcarmenia.am//hy/declarations-registry/user_id=5039/
ՀԿ_06,ԱՐՄԱՆ ԱՊԵՏՆԱԿԻ ՄԱՆՈՒՉԱՐՅԱՆ,ՀՀ ՀԱԿԱԿՈՌՈՒՊՑԻՈՆ ԿՈՄԻՏԵԻ ՔՆՆՉԱԿԱՆ ԵՐՐՈՐԴ ՎԱՐՉՈՒԹՅԱՆ ՀԱՏԿԱՊԵՍ ԿԱՐԵՎՈՐ ԳՈՐԾԵՐՈՎ ԱՎԱԳ ՔՆՆԻՉ,2022-10-10 / -,http://cpcarmenia.am//hy/declarations-registry/user_id=4726/
ՀԿ_07,ԱՐՍԵՆ ԳՐԻԳՈՐԻ ԳԵՂԱՄՅԱՆ,ՀՀ ՀԱԿԱԿՈՌՈՒՊՑԻՈՆ ԿՈՄԻՏԵԻ ՔՆՆՉԱԿԱՆ ԵՐՐՈՐԴ ՎԱՐՉՈՒԹՅԱՆ ՀԱՏԿԱՊԵՍ ԿԱՐԵՎՈՐ ԳՈՐԾԵՐՈՎ ԱՎԱԳ ՔՆՆԻՉ,2023-01-25 / -,http://cpcarmenia.am//hy/declarations-registry/user_id=5659/
ՀԿ_08,ԱՐԱՄ ՎԼԱԴԻՄԻՐԻ ՊՈՂՈՍՅԱՆ,ՀՀ ՀԱԿԱԿՈՌՈՒՊՑԻՈՆ ԿՈՄԻՏԵԻ ՔՆՆՉԱԿԱՆ ԵՐՐՈՐԴ ՎԱՐՉՈՒԹՅԱՆ ՀԱՏԿԱՊԵՍ ԿԱՐԵՎՈՐ ԳՈՐԾԵՐՈՎ ՔՆՆԻՉ,2022-10-11 / -,http://cpcarmenia.am//hy/declarations-registry/user_id=13100/
ՀԿ_09,ԱՐՏԱԿ ՎԱՀՐԱՄԻ ԹԱԴԵՎՈՍՅԱՆ,ՀՀ ՀԱԿԱԿՈՌՈՒՊՑԻՈՆ ԿՈՄԻՏԵԻ ՆԵՐՔԻՆ ԱՆՎՏԱՆԳՈՒԹՅԱՆ ՎԱՐՉՈՒԹՅԱՆ ՀԱՏԿԱՊԵՍ ԿԱՐԵՎՈՐ ԳՈՐԾԵՐՈՎ ԱՎԱԳ ՔՆՆԻՉ,2022-10-10 / -,http://cpcarmenia.am//hy/declarations-registry/user_id=3501/
ՀԿ_10,ԱՐՄԵՆ ՓԱՇՈՅԻ ԱԴԱՄՅԱՆ,ՀՀ ՀԱԿԱԿՈՌՈՒՊՑԻՈՆ ԿՈՄԻՏԵԻ ՆԵՐՔԻՆ ԱՆՎՏԱՆԳՈՒԹՅԱՆ ՎԱՐՉՈՒԹՅԱՆ ԱՎԱԳ ՔՆՆԻՉ,2022-10-12 / -,http://cpcarmenia.am//hy/declarations-registry/user_id=42610/
ՀԿ_11,ԳԵՐԱՍԻՄ ՅՈՒՐԻԿԻ ՄԿՐՏՉՅԱՆ,ՀՀ ՀԱԿԱԿՈՌՈՒՊՑԻՈՆ ԿՈՄԻՏԵԻ ԳԼԽԱՎՈՐ ՔԱՐՏՈՒՂԱՐ,2021-11-01 / -,http://cpcarmenia.am//hy/declarations-registry/user_id=15430/
ՀԿ_12,ԶԱՐՈՒՀԻ ԳԵՈՐԳԻԻ ՍԱՐԳՍՅԱՆ,ՀՀ ՀԱԿԱԿՈՌՈՒՊՑԻՈՆ ԿՈՄԻՏԵԻ ՆԱԽԱԳԱՀԻ ՕԳՆԱԿԱՆ,2021-10-25 / -,http://cpcarmenia.am//hy/declarations-registry/user_id=20428/
ՀԿ_13,ԳԱԳԻԿ ԳԱՐՈՒՆԻ ՄԱՐԿՈՍՅԱՆ,ՀՀ ՀԱԿԱԿՈՌՈՒՊՑԻՈՆ ԿՈՄԻՏԵԻ ՆԱԽԱԳԱՀԻ ՏԵՂԱԿԱԼԻ ՕԳՆԱԿԱՆ,2022-04-19 / -,http://cpcarmenia.am//hy/declarations-registry/user_id=5497/
ՀԿ_14,ԱՐՏԱԿ ՄԿՐՏԻՉԻ ՊՈՂՈՍՅԱՆ,ՀՀ ՀԱԿԱԿՈՌՈՒՊՑԻՈՆ ԿՈՄԻՏԵԻ ՆԱԽԱԳԱՀԻ ՏԵՂԱԿԱԼԻ ՕԳՆԱԿԱՆ,2022-08-30 / -,http://cpcarmenia.am//hy/declarations-registry/user_id=4156/
ՀԿ_15,ԳԵՂԱՄ ՄԱՐՏԻՆԻ ՄԱՐԳԱՐՅԱՆ,ՀՀ ՀԱԿԱԿՈՌՈՒՊՑԻՈՆ ԿՈՄԻՏԵԻ ՔՆՆՉԱԿԱՆ ԱՌԱՋԻՆ ՎԱՐՉՈՒԹՅԱՆ ՊԵՏԻ ՏԵՂԱԿԱԼ,2022-10-10 / -,http://cpcarmenia.am//hy/declarations-registry/user_id=4852/
ՀԿ_16,ԲԱԳՐԱՏ ՀՐԱՆՏԻ ԱԴԱՄՅԱՆ,ՀՀ ՀԱԿԱԿՈՌՈՒՊՑԻՈՆ ԿՈՄԻՏԵԻ ՔՆՆՉԱԿԱՆ ԱՌԱՋԻՆ ՎԱՐՉՈՒԹՅԱՆ ՀԱՏԿԱՊԵՍ ԿԱՐԵՎՈՐ ԳՈՐԾԵՐՈՎ ԱՎԱԳ ՔՆՆԻՉ,2022-11-08 / -,http://cpcarmenia.am//hy/declarations-registry/user_id=5440/
ՀԿ_17,ԴԱՎԻԹ ՌՈԲԵՐՏԻ ԿՈՍՏԱՆԴՅԱՆ,ՀՀ ՀԱԿԱԿՈՌՈՒՊՑԻՈՆ ԿՈՄԻՏԵԻ ՔՆՆՉԱԿԱՆ ԵՐԿՐՈՐԴ ՎԱՐՉՈՒԹՅԱՆ ՊԵՏԻ ՏԵՂԱԿԱԼ,2022-10-10 / -,http://cpcarmenia.am//hy/declarations-registry/user_id=3499/
ՀԿ_18,ԲՈՐՅԱ ԱԼԵՔՍԱՆԴՐԻ ՉԻԼԻՆԳԱՐՅԱՆ,ՀՀ ՀԱԿԱԿՈՌՈՒՊՑԻՈՆ ԿՈՄԻՏԵԻ ՔՆՆՉԱԿԱՆ ԵՐԿՐՈՐԴ ՎԱՐՉՈՒԹՅԱՆ ՀԱՏԿԱՊԵՍ ԿԱՐԵՎՈՐ ԳՈՐԾԵՐՈՎ ԱՎԱԳ ՔՆՆԻՉ,2022-10-10 / -,http://cpcarmenia.am//hy/declarations-registry/user_id=5421/
ՀԿ_19,ԱՐՏԱՇԵՍ ՍԱՄՎԵԼԻ ՄԱԻԼՅԱՆ,ՀՀ ՀԱԿԱԿՈՌՈՒՊՑԻՈՆ ԿՈՄԻՏԵԻ ՔՆՆՉԱԿԱՆ ԵՐՐՈՐԴ ՎԱՐՉՈՒԹՅԱՆ ՀԱՏԿԱՊԵՍ ԿԱՐԵՎՈՐ ԳՈՐԾԵՐՈՎ ԱՎԱԳ ՔՆՆԻՉ,2022-10-10 / -,http://cpcarmenia.am//hy/declarations-registry/user_id=5704/
ՀԿ_20,ԳԱՐԵԳԻՆ ՎԼԱԴԻՄԻՐԻ ԲԵԳՈՅԱՆ,ՀՀ ՀԱԿԱԿՈՌՈՒՊՑԻՈՆ ԿՈՄԻՏԵԻ ՆԵՐՔԻՆ ԱՆՎՏԱՆԳՈՒԹՅԱՆ ՎԱՐՉՈՒԹՅԱՆ ՊԵՏ,2022-10-10 / -,http://cpcarmenia.am//hy/declarations-registry/user_id=3493/
ՀԿ_21,ԷԴԻԿ ԱՐՄԵՆԱԿԻ ՀԱԿՈԲՅԱՆ,ՀՀ ՀԱԿԱԿՈՌՈՒՊՑԻՈՆ ԿՈՄԻՏԵԻ ՆԱԽԱԳԱՀԻ ՏԵՂԱԿԱԼ,2022-10-19 / -,http://cpcarmenia.am//hy/declarations-registry/user_id=6692/
ՀԿ_22,ՀՈՎՀԱՆՆԵՍ ԿԵՆՍԱԲԵՐԻ ԵՆՈՔՅԱՆ,ՀՀ ՀԱԿԱԿՈՌՈՒՊՑԻՈՆ ԿՈՄԻՏԵԻ ՆԱԽԱԳԱՀԻ ԽՈՐՀՐԴԱԿԱՆ,2021-10-25 / -,http://cpcarmenia.am//hy/declarations-registry/user_id=16433/
ՀԿ_23,ՄԱՐԻՆԱ ԱՇՈՏԻ ՕՀԱՆՋԱՆՅԱՆ,ՀՀ ՀԱԿԱԿՈՌՈՒՊՑԻՈՆ ԿՈՄԻՏԵԻ ՆԱԽԱԳԱՀԻ ՄԱՄՈՒԼԻ ՔԱՐՏՈՒՂԱՐ,2021-10-25 / -,http://cpcarmenia.am//hy/declarations-registry/user_id=35692/
ՀԿ_24,ԷԴԳԱՐ ՀԱՅԿԻ ՊՈՂՈՍՅԱՆ,ՀՀ ՀԱԿԱԿՈՌՈՒՊՑԻՈՆ ԿՈՄԻՏԵԻ ՔՆՆՉԱԿԱՆ ԱՌԱՋԻՆ ՎԱՐՉՈՒԹՅԱՆ ՊԵՏ,2022-10-10 / -,http://cpcarmenia.am//hy/declarations-registry/user_id=6694/
ՀԿ_25,ԼԵՌՆԻԿ ՀԱՅԿԻ ՍՏԵՓԱՆՅԱՆ,ՀՀ ՀԱԿԱԿՈՌՈՒՊՑԻՈՆ ԿՈՄԻՏԵԻ ՔՆՆՉԱԿԱՆ ԱՌԱՋԻՆ ՎԱՐՉՈՒԹՅԱՆ ՀԱՏԿԱՊԵՍ ԿԱՐԵՎՈՐ ԳՈՐԾԵՐՈՎ ԱՎԱԳ ՔՆՆԻՉ,2022-10-10 / -,http://cpcarmenia.am//hy/declarations-registry/user_id=3516/
ՀԿ_26,ԽՈՐԵՆ ԳԵՎՈՐԳԻ ՄԵՋԼՈՒՄՅԱՆ,ՀՀ ՀԱԿԱԿՈՌՈՒՊՑԻՈՆ ԿՈՄԻՏԵԻ ՔՆՆՉԱԿԱՆ ԱՌԱՋԻՆ ՎԱՐՉՈՒԹՅԱՆ ՀԱՏԿԱՊԵՍ ԿԱՐԵՎՈՐ ԳՈՐԾԵՐՈՎ ԱՎԱԳ ՔՆՆԻՉ,2022-10-10 / -,http://cpcarmenia.am//hy/declarations-registry/user_id=3515/
ՀԿ_27,ՀԱՅԿ ՍԵՐԳՈՅԻ ՄԱՆԱՆԴՅԱՆ,ՀՀ ՀԱԿԱԿՈՌՈՒՊՑԻՈՆ ԿՈՄԻՏԵԻ ՔՆՆՉԱԿԱՆ ԵՐԿՐՈՐԴ ՎԱՐՉՈՒԹՅԱՆ ՀԱՏԿԱՊԵՍ ԿԱՐԵՎՈՐ ԳՈՐԾԵՐՈՎ ԱՎԱԳ ՔՆՆԻՉ,2022-10-10 / -,http://cpcarmenia.am//hy/declarations-registry/user_id=3508/
ՀԿ_28,ՀՈՎԻԿ ԱՇՈՏԻ ՆԻԿՈՂՈՍՅԱՆ,ՀՀ ՀԱԿԱԿՈՌՈՒՊՑԻՈՆ ԿՈՄԻՏԵԻ ՔՆՆՉԱԿԱՆ ԵՐՐՈՐԴ ՎԱՐՉՈՒԹՅԱՆ ՀԱՏԿԱՊԵՍ ԿԱՐԵՎՈՐ ԳՈՐԾԵՐՈՎ ՔՆՆԻՉ,2022-10-10 / -,http://cpcarmenia.am//hy/declarations-registry/user_id=4816/
ՀԿ_29,ՀՈՎՀԱՆՆԵՍ ՄՈՒՇԵՂԻ ՀԱՐՈՒԹՅՈՒՆՅԱՆ,ՀՀ ՀԱԿԱԿՈՌՈՒՊՑԻՈՆ ԿՈՄԻՏԵԻ ՆԵՐՔԻՆ ԱՆՎՏԱՆԳՈՒԹՅԱՆ ՎԱՐՉՈՒԹՅԱՆ ՀԱՏԿԱՊԵՍ ԿԱՐԵՎՈՐ ԳՈՐԾԵՐՈՎ ԱՎԱԳ ՔՆՆԻՉ,2022-10-10 / -,http://cpcarmenia.am//hy/declarations-registry/user_id=5627/
ՀԿ_30,ԼԻԱՆԱ ՏԻԳՐԱՆԻ ՍԱՆԹՐՈՍՅԱՆ,ՀՀ ՀԱԿԱԿՈՌՈՒՊՑԻՈՆ ԿՈՄԻՏԵԻ ՆԵՐՔԻՆ ԱՆՎՏԱՆԳՈՒԹՅԱՆ ՎԱՐՉՈՒԹՅԱՆ ԱՎԱԳ ՔՆՆԻՉ,2022-10-11 / -,http://cpcarmenia.am//hy/declarations-registry/user_id=17614/
ՀԿ_31,ՍԱՍՈՒՆ ՄՀԵՐԻ ԽԱՉԱՏՐՅԱՆ,ՀՀ ՀԱԿԱԿՈՌՈՒՊՑԻՈՆ ԿՈՄԻՏԵԻ ՆԱԽԱԳԱՀ,2021-09-16 / -,http://cpcarmenia.am//hy/declarations-registry/user_id=4566/
ՀԿ_32,ՄՈՒՇԵՂ ԱՎԵՏԻՔԻ ԲԱԲԱՅԱՆ,ՀՀ ՀԱԿԱԿՈՌՈՒՊՑԻՈՆ ԿՈՄԻՏԵԻ ՆԱԽԱԳԱՀԻ ՏԵՂԱԿԱԼ,2022-10-19 / -,http://cpcarmenia.am//hy/declarations-registry/user_id=3488/
ՀԿ_33,ՍՏԵՓԱՆ ԼԵՎՈՆԻ ՆԱԶԱՐՅԱՆ,ՀՀ ՀԱԿԱԿՈՌՈՒՊՑԻՈՆ ԿՈՄԻՏԵԻ ԳԼԽԱՎՈՐ ՔԱՐՏՈՒՂԱՐԻ  ՏԵՂԱԿԱԼ,2022-07-21 / -,http://cpcarmenia.am//hy/declarations-registry/user_id=4499/
ՀԿ_34,ՍՄԲԱՏ ԱՏՈՄԻ ՄԽԻԹԱՐՅԱՆ,ՀՀ ՀԱԿԱԿՈՌՈՒՊՑԻՈՆ ԿՈՄԻՏԵԻ ՔՆՆՉԱԿԱՆ ԱՌԱՋԻՆ ՎԱՐՉՈՒԹՅԱՆ ՀԱՏԿԱՊԵՍ ԿԱՐԵՎՈՐ ԳՈՐԾԵՐՈՎ ԱՎԱԳ ՔՆՆԻՉ,2022-10-10 / -,http://cpcarmenia.am//hy/declarations-registry/user_id=3504/
ՀԿ_35,ՍԱՇԻԿ ԱՐԱՄԻ ԱՎԵՏԻՍՅԱՆ,ՀՀ ՀԱԿԱԿՈՌՈՒՊՑԻՈՆ ԿՈՄԻՏԵԻ ՔՆՆՉԱԿԱՆ ԱՌԱՋԻՆ ՎԱՐՉՈՒԹՅԱՆ ՀԱՏԿԱՊԵՍ ԿԱՐԵՎՈՐ ԳՈՐԾԵՐՈՎ ՔՆՆԻՉ,2022-10-10 / -,http://cpcarmenia.am//hy/declarations-registry/user_id=3514/
ՀԿ_36,ՎԱՀԵ ՌԱՖԻԿԻ ՄԱՐՏԻՐՈՍՅԱՆ,ՀՀ ՀԱԿԱԿՈՌՈՒՊՑԻՈՆ ԿՈՄԻՏԵԻ ՔՆՆՉԱԿԱՆ ԵՐԿՐՈՐԴ ՎԱՐՉՈՒԹՅԱՆ ՀԱՏԿԱՊԵՍ ԿԱՐԵՎՈՐ ԳՈՐԾԵՐՈՎ ԱՎԱԳ ՔՆՆԻՉ,2022-10-10 / -,http://cpcarmenia.am//hy/declarations-registry/user_id=4810/
ՀԿ_37,ՎԱՀԵ ԷՄԱՆՈՒԵԼԻ ԽԱՉԱՏՐՅԱՆ,ՀՀ ՀԱԿԱԿՈՌՈՒՊՑԻՈՆ ԿՈՄԻՏԵԻ ՔՆՆՉԱԿԱՆ ԵՐԿՐՈՐԴ ՎԱՐՉՈՒԹՅԱՆ ՀԱՏԿԱՊԵՍ ԿԱՐԵՎՈՐ ԳՈՐԾԵՐՈՎ ԱՎԱԳ ՔՆՆԻՉ,2022-10-10 / -,http://cpcarmenia.am//hy/declarations-registry/user_id=3498/
ՀԿ_38,ՆԻԿՈԼԱՅ ԳԱԳԻԿԻ ԲԱՐՍԵՂՅԱՆ,ՀՀ ՀԱԿԱԿՈՌՈՒՊՑԻՈՆ ԿՈՄԻՏԵԻ ՔՆՆՉԱԿԱՆ ԵՐԿՐՈՐԴ ՎԱՐՉՈՒԹՅԱՆ ՀԱՏԿԱՊԵՍ ԿԱՐԵՎՈՐ ԳՈՐԾԵՐՈՎ ԱՎԱԳ ՔՆՆԻՉ,2022-10-10 / -,http://cpcarmenia.am//hy/declarations-registry/user_id=3507/
ՀԿ_39,ՍԱՐԳԻՍ ՄԿՐՏԻՉԻ ՆԱԶԱՐՅԱՆ,ՀՀ ՀԱԿԱԿՈՌՈՒՊՑԻՈՆ ԿՈՄԻՏԵԻ ՔՆՆՉԱԿԱՆ ԵՐՐՈՐԴ ՎԱՐՉՈՒԹՅԱՆ ՔՆՆԻՉ,2022-10-11 / -,http://cpcarmenia.am//hy/declarations-registry/user_id=31703/
ՀԿ_40,ՍԵՐԳԵՅ ԳԱԳԻԿԻ ԱՌԱՔԵԼՅԱՆ,ՀՀ ՀԱԿԱԿՈՌՈՒՊՑԻՈՆ ԿՈՄԻՏԵԻ ՆԵՐՔԻՆ ԱՆՎՏԱՆԳՈՒԹՅԱՆ ՎԱՐՉՈՒԹՅԱՆ ՀԱՏԿԱՊԵՍ ԿԱՐԵՎՈՐ ԳՈՐԾԵՐՈՎ ԱՎԱԳ ՔՆՆԻՉ,2022-10-10 / -,http://cpcarmenia.am//hy/declarations-registry/user_id=3495/
ՀԿ_41,ՎՈԼՈԴՅԱ ՄՈՒՇԵՂԻ ՍԻՄՈՆՅԱՆ,ՀՀ ՀԱԿԱԿՈՌՈՒՊՑԻՈՆ ԿՈՄԻՏԵԻ ՆԵՐՔԻՆ ԱՆՎՏԱՆԳՈՒԹՅԱՆ ՎԱՐՉՈՒԹՅԱՆ ՀԱՏԿԱՊԵՍ ԿԱՐԵՎՈՐ ԳՈՐԾԵՐՈՎ ԱՎԱԳ ՔՆՆԻՉ,2022-10-10 / -,http://cpcarmenia.am//hy/declarations-registry/user_id=5638/
ՀԴԴ_01,ԿԱՐԱՊԵՏ ՍԵՐՅՈԺԱՅԻ ԲԱԴԱԼՅԱՆ,ՀՀ Հակակոռուպցիոն դատարանի հակակոռուպցիոն քաղաքացիական գործերով մասնագիտացմամբ դատավոր,2022-08-09 / -,http://cpcarmenia.am//hy/declarations-registry/user_id=27148/
ՀԴԴ_02,ԼԻԼԻ ՄԱՄԻԿՈՆԻ ԴՐՄԵՅԱՆ,ՀՀ Հակակոռուպցիոն դատարանի հակակոռուպցիոն քաղաքացիական գործերով մասնագիտացմամբ դատավոր,2022-11-03 / -,http://cpcarmenia.am//hy/declarations-registry/user_id=25507/
ՀԴԴ_03,ՍԱՐԳԻՍ ՍԻՄՈՆԻ ԴԱԴՈՅԱՆ,ՀՀ Հակակոռուպցիոն դատարանի կոռուպցիոն հանցագործությունների վերաբերյալ վարույթներով մասնագիտացմամբ դատավոր,2022-08-19 / -,http://cpcarmenia.am//hy/declarations-registry/user_id=5991/
ՀԴԴ_04,ԳԻՎԻ ՀԱՄԼԵՏԻ ՀՈՎՀԱՆՆԻՍՅԱՆ,ՀՀ Հակակոռուպցիոն դատարանի կոռուպցիոն հանցագործությունների վերաբերյալ վարույթներով մասնագիտացմամբ դատավոր,2022-08-19 / -,http://cpcarmenia.am//hy/declarations-registry/user_id=41983/
ՀԴԴ_05,ՍՈՒՐԵՆ ԵՐՎԱՆԴԻ ԽԱՉԱՏՐՅԱՆ,ՀՀ Հակակոռուպցիոն դատարանի կոռուպցիոն հանցագործությունների վերաբերյալ վարույթներով մասնագիտացմամբ դատավոր,2022-08-19 / -,http://cpcarmenia.am//hy/declarations-registry/user_id=4580/
ՀԴԴ_06,ԱՐԱՄ ԳՐԻՇԱՅԻ ԳՐԻԳՈՐՅԱՆ,ՀՀ Հակակոռուպցիոն դատարանի կոռուպցիոն հանցագործությունների վերաբերյալ վարույթներով մասնագիտացմամբ դատավոր,2022-08-19 / -,http://cpcarmenia.am//hy/declarations-registry/user_id=20427/
ՀԴԴ_07,ՄԵՐԻ ԱՂԱԲԵԿԻ ՄՈՍԻՆՅԱՆ,ՀՀ Հակակոռուպցիոն դատարանի կոռուպցիոն հանցագործությունների վերաբերյալ վարույթներով մասնագիտացմամբ դատավոր,2022-08-19 / -,http://cpcarmenia.am//hy/declarations-registry/user_id=41984/
ՀԴԴ_08,ԱՇԽԵՆ ՌՈՒԲԵՆԻ ՂԱՐՍԼՅԱՆ,ՀՀ Հակակոռուպցիոն դատարանի հակակոռուպցիոն քաղաքացիական գործերով մասնագիտացմամբ դատավոր,2022-08-19 / -,http://cpcarmenia.am//hy/declarations-registry/user_id=41985/
ՀԴԴ_09,ՆԱՐԻՆԵ ԱՇՈՏԻ ԱՎԱԳՅԱՆ,ՀՀ Հակակոռուպցիոն դատարանի հակակոռուպցիոն քաղաքացիական գործերով մասնագիտացմամբ դատավոր,2022-08-19 / -,http://cpcarmenia.am//hy/declarations-registry/user_id=26615/
ՀԴԴ_10,ԽԱՉԻԿ ԿԱՐԱՊԵՏԻ ՂԱԶԱՐՅԱՆ,ՀՀ Հակակոռուպցիոն դատարանի կոռուպցիոն հանցագործությունների վերաբերյալ վարույթներով մասնագիտացմամբ դատավոր,2022-12-02 / -,http://cpcarmenia.am//hy/declarations-registry/user_id=36139/
ՀԴԴ_11,ՎԱՐԴԳԵՍ ԱՐԱՅԻԿԻ ՍԱՐԳՍՅԱՆ,ՀՀ Հակակոռուպցիոն դատարանի կոռուպցիոն հանցագործությունների վերաբերյալ վարույթներով մասնագիտացմամբ դատավոր,2022-08-19 / -,http://cpcarmenia.am//hy/declarations-registry/user_id=4574/
ՀԴԴ_12,ՎԱՀԵ ԱՐՍԵՆԻ ԴՈԼՄԱԶՅԱՆ,ՀՀ Հակակոռուպցիոն դատարանի կոռուպցիոն հանցագործությունների վերաբերյալ վարույթներով մասնագիտացմամբ դատավոր,2022-08-19 / -,http://cpcarmenia.am//hy/declarations-registry/user_id=4572/
ՀԴԴ_13,ՏԻԳՐԱՆ ՍԱՄՎԵԼԻ ԴԱՎԹՅԱՆ,ՀՀ Հակակոռուպցիոն դատարանի կոռուպցիոն հանցագործությունների վերաբերյալ վարույթներով մասնագիտացմամբ դատավոր,2022-08-19 / -,http://cpcarmenia.am//hy/declarations-registry/user_id=25453/
ԱԾՈՒԳ_01,ՍՐԲՈՒՀԻ ՀՈՎՀԱՆՆԵՍԻ ԳԱԼՅԱՆ,ՀՀ գլխավոր դատախազի՝ ապօրինի ծագում ունեցող գույքի բռնագանձմանն ուղղված գործառույթների ոլորտը համակարգող տեղակալ,2020-08-31 / -,http://cpcarmenia.am//hy/declarations-registry/user_id=19258/
ԱԾՈՒԳ_02,ՍԻՐՈ ՀՐԱՉԻ ԱՄԻՐԽԱՆՅԱՆ,ՀՀ գլխավոր դատախազության ապօրինի ծագում ունեցող գույքի բռնագանձման գործերով վարչության պետ,2020-09-03 / -,http://cpcarmenia.am//hy/declarations-registry/user_id=19060/
ԱԾՈՒԳ_03,ՏԻԳՐԱՆ ԱՂՎԱՆԻ ԵՆՈՔՅԱՆ,ՀՀ գլխավոր դատախազության ապօրինի ծագում ունեցող գույքի բռնագանձման գործերով վարչության պետի տեղակալ,2020-09-03 / -,http://cpcarmenia.am//hy/declarations-registry/user_id=4573/
ԱԾՈՒԳ_04,ԳԵՎՈՐԳ ԱՐՄԵՆԻ ՔՈՉԱՐՅԱՆ,ՀՀ գլխավոր դատախազության ապօրինի ծագում ունեցող գույքի բռնագանձման գործերով վարչության դատախազ,2020-09-03 / -,http://cpcarmenia.am//hy/declarations-registry/user_id=19953/
ԱԾՈՒԳ_05,ՌՈՒԶԱՆՆԱ ՌՈԲԵՐՏԻ ԽՈՒԴԱՎԵՐԴՅԱՆ,ՀՀ գլխավոր դատախազության ապօրինի ծագում ունեցող գույքի բռնագանձման գործերով վարչության դատախազ,2022-07-11 / -,http://cpcarmenia.am//hy/declarations-registry/user_id=36727/
ԱԾՈՒԳ_06,ՄԻՀՐԱՆ ԱՐԹՈՒՐԻ ԲՈՒԼՂԱԴԱՐՅԱՆ,ՀՀ գլխավոր դատախազության ապօրինի ծագում ունեցող գույքի բռնագանձման գործերով վարչության դատախազ,2020-12-07 / -,http://cpcarmenia.am//hy/declarations-registry/user_id=27822/
ԱԾՈՒԳ_07,ՆԵԼԼԻ ՏԻԳՐԱՆԻ ՏԵՐ-ԹՈՐՈՍՅԱՆ,ՀՀ  գլխավոր դատախազության ապօրինի ծագում ունեցող գույքի բռնագանձման գործերով վարչության դատախազ,2020-12-07 / -,http://cpcarmenia.am//hy/declarations-registry/user_id=27823/
ԱԾՈՒԳ_08,ԱՐՏԱՇԵՍ ՀԱՄԼԵՏԻ ՀԱՐՈՒԹՅՈՒՆՅԱՆ,ՀՀ գլխավոր դատախազության ապօրինի ծագում ունեցող գույքի բռնագանձման գործերով վարչության դատախազ,2020-12-07 / -,http://cpcarmenia.am//hy/declarations-registry/user_id=27824/
ԱԾՈՒԳ_09,ՀԱՄԼԵՏ ՀԱՐՈՒԹՅՈՒՆԻ ՀԱՐՈՒԹՅՈՒՆՅԱՆ,ՀՀ գլխավոր դատախազության ապօրինի ծագում ունեցող գույքի բռնագանձման գործերով վարչության դատախազ,2022-07-11 / -,http://cpcarmenia.am//hy/declarations-registry/user_id=41193/
ԱԾՈՒԳ_10,ՆԱԻՐԱ ՄԿՐՏԻՉԻ ԱՐՏԱՇԵՍՅԱՆ,ՀՀ գլխավոր դատախազության ապօրինի ծագում ունեցող գույքի բռնագանձման գործերով վարչության դատախազ,2022-09-01 / -,http://cpcarmenia.am//hy/declarations-registry/user_id=42136/
