,id,profile_link
0,ԿԿՀ_01,http://cpcarmenia.am//hy/declarations-registry/user_id=19912/
1,ԿԿՀ_02,http://cpcarmenia.am//hy/declarations-registry/user_id=19913/
2,ԿԿՀ_03,http://cpcarmenia.am//hy/declarations-registry/user_id=5424/
3,ԿԿՀ_04,http://cpcarmenia.am//hy/declarations-registry/user_id=34790/
4,ԿԿՀ_05,http://cpcarmenia.am//hy/declarations-registry/user_id=42584/
5,ԿԿՀ_06,http://cpcarmenia.am//hy/declarations-registry/user_id=42571/
6,ԿԿՀ_07,http://cpcarmenia.am//hy/declarations-registry/user_id=27848/
7,ԿԿՀ_08,http://cpcarmenia.am//hy/declarations-registry/user_id=31224/
8,ԿԿՀ_09,http://cpcarmenia.am//hy/declarations-registry/user_id=43916/
9,ՀԿ_01,http://cpcarmenia.am//hy/declarations-registry/user_id=38063/
10,ՀԿ_02,http://cpcarmenia.am//hy/declarations-registry/user_id=20429/
11,ՀԿ_03,http://cpcarmenia.am//hy/declarations-registry/user_id=3492/
12,ՀԿ_04,http://cpcarmenia.am//hy/declarations-registry/user_id=3491/
13,ՀԿ_05,http://cpcarmenia.am//hy/declarations-registry/user_id=5039/
14,ՀԿ_06,http://cpcarmenia.am//hy/declarations-registry/user_id=4726/
15,ՀԿ_07,http://cpcarmenia.am//hy/declarations-registry/user_id=5659/
16,ՀԿ_08,http://cpcarmenia.am//hy/declarations-registry/user_id=13100/
17,ՀԿ_09,http://cpcarmenia.am//hy/declarations-registry/user_id=3501/
18,ՀԿ_10,http://cpcarmenia.am//hy/declarations-registry/user_id=42610/
19,ՀԿ_11,http://cpcarmenia.am//hy/declarations-registry/user_id=15430/
20,ՀԿ_12,http://cpcarmenia.am//hy/declarations-registry/user_id=20428/
21,ՀԿ_13,http://cpcarmenia.am//hy/declarations-registry/user_id=5497/
22,ՀԿ_14,http://cpcarmenia.am//hy/declarations-registry/user_id=4156/
23,ՀԿ_15,http://cpcarmenia.am//hy/declarations-registry/user_id=4852/
24,ՀԿ_16,http://cpcarmenia.am//hy/declarations-registry/user_id=5440/
25,ՀԿ_17,http://cpcarmenia.am//hy/declarations-registry/user_id=3499/
26,ՀԿ_18,http://cpcarmenia.am//hy/declarations-registry/user_id=5421/
27,ՀԿ_19,http://cpcarmenia.am//hy/declarations-registry/user_id=5704/
28,ՀԿ_20,http://cpcarmenia.am//hy/declarations-registry/user_id=3493/
29,ՀԿ_21,http://cpcarmenia.am//hy/declarations-registry/user_id=6692/
30,ՀԿ_22,http://cpcarmenia.am//hy/declarations-registry/user_id=16433/
31,ՀԿ_23,http://cpcarmenia.am//hy/declarations-registry/user_id=35692/
32,ՀԿ_24,http://cpcarmenia.am//hy/declarations-registry/user_id=6694/
33,ՀԿ_25,http://cpcarmenia.am//hy/declarations-registry/user_id=3516/
34,ՀԿ_26,http://cpcarmenia.am//hy/declarations-registry/user_id=3515/
35,ՀԿ_27,http://cpcarmenia.am//hy/declarations-registry/user_id=3508/
36,ՀԿ_28,http://cpcarmenia.am//hy/declarations-registry/user_id=4816/
37,ՀԿ_29,http://cpcarmenia.am//hy/declarations-registry/user_id=5627/
38,ՀԿ_30,http://cpcarmenia.am//hy/declarations-registry/user_id=17614/
39,ՀԿ_31,http://cpcarmenia.am//hy/declarations-registry/user_id=4566/
40,ՀԿ_32,http://cpcarmenia.am//hy/declarations-registry/user_id=3488/
41,ՀԿ_33,http://cpcarmenia.am//hy/declarations-registry/user_id=4499/
42,ՀԿ_34,http://cpcarmenia.am//hy/declarations-registry/user_id=3504/
43,ՀԿ_35,http://cpcarmenia.am//hy/declarations-registry/user_id=3514/
44,ՀԿ_36,http://cpcarmenia.am//hy/declarations-registry/user_id=4810/
45,ՀԿ_37,http://cpcarmenia.am//hy/declarations-registry/user_id=3498/
46,ՀԿ_38,http://cpcarmenia.am//hy/declarations-registry/user_id=3507/
47,ՀԿ_39,http://cpcarmenia.am//hy/declarations-registry/user_id=31703/
48,ՀԿ_40,http://cpcarmenia.am//hy/declarations-registry/user_id=3495/
49,ՀԿ_41,http://cpcarmenia.am//hy/declarations-registry/user_id=5638/
50,ՀԴԴ_01,http://cpcarmenia.am//hy/declarations-registry/user_id=27148/
51,ՀԴԴ_02,http://cpcarmenia.am//hy/declarations-registry/user_id=25507/
52,ՀԴԴ_03,http://cpcarmenia.am//hy/declarations-registry/user_id=5991/
53,ՀԴԴ_04,http://cpcarmenia.am//hy/declarations-registry/user_id=41983/
54,ՀԴԴ_05,http://cpcarmenia.am//hy/declarations-registry/user_id=4580/
55,ՀԴԴ_06,http://cpcarmenia.am//hy/declarations-registry/user_id=20427/
56,ՀԴԴ_07,http://cpcarmenia.am//hy/declarations-registry/user_id=41984/
57,ՀԴԴ_08,http://cpcarmenia.am//hy/declarations-registry/user_id=41985/
58,ՀԴԴ_09,http://cpcarmenia.am//hy/declarations-registry/user_id=26615/
59,ՀԴԴ_10,http://cpcarmenia.am//hy/declarations-registry/user_id=36139/
60,ՀԴԴ_11,http://cpcarmenia.am//hy/declarations-registry/user_id=4574/
61,ՀԴԴ_12,http://cpcarmenia.am//hy/declarations-registry/user_id=4572/
62,ՀԴԴ_13,http://cpcarmenia.am//hy/declarations-registry/user_id=25453/
63,ԱԾՈՒԳ_01,http://cpcarmenia.am//hy/declarations-registry/user_id=19258/
64,ԱԾՈՒԳ_02,http://cpcarmenia.am//hy/declarations-registry/user_id=19060/
65,ԱԾՈՒԳ_03,http://cpcarmenia.am//hy/declarations-registry/user_id=4573/
66,ԱԾՈՒԳ_04,http://cpcarmenia.am//hy/declarations-registry/user_id=19953/
67,ԱԾՈՒԳ_05,http://cpcarmenia.am//hy/declarations-registry/user_id=36727/
68,ԱԾՈՒԳ_06,http://cpcarmenia.am//hy/declarations-registry/user_id=27822/
69,ԱԾՈՒԳ_07,http://cpcarmenia.am//hy/declarations-registry/user_id=27823/
70,ԱԾՈՒԳ_08,http://cpcarmenia.am//hy/declarations-registry/user_id=27824/
71,ԱԾՈՒԳ_09,http://cpcarmenia.am//hy/declarations-registry/user_id=41193/
72,ԱԾՈՒԳ_10,http://cpcarmenia.am//hy/declarations-registry/user_id=42136/
